Datetime,Water Level (m)
2025-04-06 18:00:00,0.03255276
2025-04-06 19:00:00,-0.14121932
2025-04-06 20:00:00,-0.27888975
2025-04-06 21:00:00,-0.38752073
2025-04-06 22:00:00,-0.46484378
2025-04-06 23:00:00,-0.48328075
2025-04-07 00:00:00,-0.362188
2025-04-07 01:00:00,-0.16448599
2025-04-07 02:00:00,-0.0043116864
2025-04-07 03:00:00,0.09289161
2025-04-07 04:00:00,0.11870882
2025-04-07 05:00:00,0.05322061
2025-04-07 06:00:00,-0.096843444
2025-04-07 07:00:00,-0.2447742
2025-04-07 08:00:00,-0.37135902
2025-04-07 09:00:00,-0.46434528
2025-04-07 10:00:00,-0.51547045
2025-04-07 11:00:00,-0.4666884
2025-04-07 12:00:00,-0.2666374
2025-04-07 13:00:00,-0.03324992
2025-04-07 14:00:00,0.18394321
2025-04-07 15:00:00,0.34630898
2025-04-07 16:00:00,0.43814573
2025-04-07 17:00:00,0.4263941
2025-04-07 18:00:00,0.26857045
2025-04-07 19:00:00,0.050612334
2025-04-07 20:00:00,-0.13872223
2025-04-07 21:00:00,-0.29414994
2025-04-07 22:00:00,-0.42590034
2025-04-07 23:00:00,-0.5321256
2025-04-08 00:00:00,-0.586056
2025-04-08 01:00:00,-0.45281342
2025-04-08 02:00:00,-0.18863025
2025-04-08 03:00:00,0.039682023
2025-04-08 04:00:00,0.20410414
2025-04-08 05:00:00,0.28176138
2025-04-08 06:00:00,0.23907085
2025-04-08 07:00:00,0.066311404
2025-04-08 08:00:00,-0.118886724
2025-04-08 09:00:00,-0.2794137
2025-04-08 10:00:00,-0.40980533
2025-04-08 11:00:00,-0.5053929
2025-04-08 12:00:00,-0.52592045
2025-04-08 13:00:00,-0.33418173
2025-04-08 14:00:00,-0.03803729
2025-04-08 15:00:00,0.24414788
2025-04-08 16:00:00,0.46318734
2025-04-08 17:00:00,0.5886158
2025-04-08 18:00:00,0.5818213
2025-04-08 19:00:00,0.38367388
2025-04-08 20:00:00,0.13131322
2025-04-08 21:00:00,-0.0791474
2025-04-08 22:00:00,-0.24994154
2025-04-08 23:00:00,-0.39386842
2025-04-09 00:00:00,-0.5124973
2025-04-09 01:00:00,-0.567469
2025-04-09 02:00:00,-0.3574157
2025-04-09 03:00:00,-0.060798317
2025-04-09 04:00:00,0.19724791
2025-04-09 05:00:00,0.38170654
2025-04-09 06:00:00,0.45374897
2025-04-09 07:00:00,0.35886198
2025-04-09 08:00:00,0.12475111
2025-04-09 09:00:00,-0.08729975
2025-04-09 10:00:00,-0.26415664
2025-04-09 11:00:00,-0.4098666
2025-04-09 12:00:00,-0.52066016
2025-04-09 13:00:00,-0.5525306
2025-04-09 14:00:00,-0.28689644
2025-04-09 15:00:00,0.02945417
2025-04-09 16:00:00,0.3243404
2025-04-09 17:00:00,0.53675026
2025-04-09 18:00:00,0.63624924
2025-04-09 19:00:00,0.56714934
2025-04-09 20:00:00,0.31213546
2025-04-09 21:00:00,0.067239285
2025-04-09 22:00:00,-0.13546593
2025-04-09 23:00:00,-0.3001116
2025-04-10 00:00:00,-0.4411717
2025-04-10 01:00:00,-0.54655933
2025-04-10 02:00:00,-0.5031026
2025-04-10 03:00:00,-0.1515804
2025-04-10 04:00:00,0.16745208
2025-04-10 05:00:00,0.4242687
2025-04-10 06:00:00,0.5814184
2025-04-10 07:00:00,0.58859676
2025-04-10 08:00:00,0.38685098
2025-04-10 09:00:00,0.12832075
2025-04-10 10:00:00,-0.08548581
2025-04-10 11:00:00,-0.25708827
2025-04-10 12:00:00,-0.39957145
2025-04-10 13:00:00,-0.50993717
2025-04-10 14:00:00,-0.48057088
2025-04-10 15:00:00,-0.11050334
2025-04-10 16:00:00,0.23386472
2025-04-10 17:00:00,0.52811944
2025-04-10 18:00:00,0.7233871
2025-04-10 19:00:00,0.75920427
2025-04-10 20:00:00,0.5571794
2025-04-10 21:00:00,0.26655945
2025-04-10 22:00:00,0.030020483
2025-04-10 23:00:00,-0.16761778
2025-04-11 00:00:00,-0.325992
2025-04-11 01:00:00,-0.46101457
2025-04-11 02:00:00,-0.53129727
2025-04-11 03:00:00,-0.24619699
2025-04-11 04:00:00,0.13032411
2025-04-11 05:00:00,0.45533487
2025-04-11 06:00:00,0.6865766
2025-04-11 07:00:00,0.79146606
2025-04-11 08:00:00,0.6737612
2025-04-11 09:00:00,0.37593466
2025-04-11 10:00:00,0.12379202
2025-04-11 11:00:00,-0.08505257
2025-04-11 12:00:00,-0.24896091
2025-04-11 13:00:00,-0.387832
2025-04-11 14:00:00,-0.48541746
2025-04-11 15:00:00,-0.30941287
2025-04-11 16:00:00,0.10567818
2025-04-11 17:00:00,0.45634088
2025-04-11 18:00:00,0.7167019
2025-04-11 19:00:00,0.83608615
2025-04-11 20:00:00,0.74496764
2025-04-11 21:00:00,0.44196394
2025-04-11 22:00:00,0.171358
2025-04-11 23:00:00,-0.053317282
2025-04-12 00:00:00,-0.23365988
2025-04-12 01:00:00,-0.3852525
2025-04-12 02:00:00,-0.50921166
2025-04-12 03:00:00,-0.4778232
2025-04-12 04:00:00,-0.036760755
2025-04-12 05:00:00,0.33628637
2025-04-12 06:00:00,0.63281274
2025-04-12 07:00:00,0.8108288
2025-04-12 08:00:00,0.7954304
2025-04-12 09:00:00,0.54661137
2025-04-12 10:00:00,0.2629778
2025-04-12 11:00:00,0.032528266
2025-04-12 12:00:00,-0.15642305
2025-04-12 13:00:00,-0.3107966
2025-04-12 14:00:00,-0.43947053
2025-04-12 15:00:00,-0.46499553
2025-04-12 16:00:00,-0.078899175
2025-04-12 17:00:00,0.30698803
2025-04-12 18:00:00,0.6306285
